Categories, ,chad,david,cjay
chad,,2448,6,314
david,,100,8,8
cjay,,1009,22,2718


Categories, ,chad,david,cjay
chad,,0.884393063583815,0.002167630057803468,0.11343930635838151
david,,0.8620689655172413,0.06896551724137931,0.06896551724137931
cjay,,0.26913843691651107,0.005868231528407575,0.7249933315550814
